id_siniestro,id_poliza,fecha_siniestro,monto_siniestro,estado
1,17400,2025-10-16,2092.59,ABIERTO
3,15785,2025-09-19,702.27,cerrado
8,23824,2025-01-17,2736.20,ABIERTO
13,3716,2025-07-13,-4274.39,Rechazado
24,17180,2025-06-13,6183.83,cerrado
27,22625,2025-03-07,141.77,nan
33,2231,2025-09-21,2443.90,Rechazado
36,16929,2025-01-06,3649.94,cerrado
45,15100,2025-01-27,8761.24,ABIERTO
66,14064,2025-03-25,9842.05,Abierto
67,5049,2025-05-26,"13.723,01",Rechazado
82,4048,2026-02-21,9909.58,nan
93,1928,2025-01-31,12706.47,ABIERTO
95,17219,2025-04-01,4580.14,nan
99,18399,2025-06-27,"2.077,75",Cerrado
101,24142,2025-06-21,1602.59,ABIERTO
105,19541,2025-09-28,4267.91,Cerrado
114,5370,2025-03-10,"7,762.70",cerrado
117,12941,2025-12-12,nan,ABIERTO
143,2790,2025-10-13,-,Rechazado
146,5630,2025-02-16,6370.38,Cerrado
150,14981,2025-01-31,"13.415,37",Rechazado
152,22723,2025-09-09,"9,937.98",Abierto
156,16853,2025-03-09,"1,390.48",ABIERTO
159,2123,2025-11-12,"6,450.16",Cerrado
160,13528,2025-03-16,3582.61,ABIERTO
173,11295,2025-04-24,"12.085,03",Rechazado
175,6907,2025-12-06,12028.02,nan
184,13385,2025-07-08,5142.95,Rechazado
186,14257,2026-01-14,nan,Abierto
191,23374,2025-06-13,14690.50,Cerrado
192,24819,2025-12-07,"764,29",ABIERTO
193,19056,2025-12-02,nan,ABIERTO
200,8648,2025-03-24,6486.31,Cerrado
202,6793,2025-08-30,nan,Cerrado
206,5583,2025-03-04,11554.34,cerrado
211,18427,2025-12-18,"6.967,73",Cerrado
213,1279,2025-02-07,"13.118,01",Rechazado
215,13337,2025-08-02,14527.75,ABIERTO
218,5896,2025-10-27,10531.67,cerrado
227,2933,2025-10-17,5919.45,Cerrado
236,22678,2025-11-11,nan,ABIERTO
241,20874,2025-01-29,"5,212.81",cerrado
251,21022,2025-07-18,nan,Rechazado
255,24181,2025-02-09,"3,638.10",nan
281,22881,2025-11-14,197.86,Cerrado
292,15112,2025-10-01,2486.04,cerrado
296,2362,2026-01-11,-,Rechazado
299,11447,2026-02-08,"14,867.64",cerrado
308,15831,2025-07-06,4383.22,nan
311,16425,2025-05-02,10081.65,Cerrado
312,15669,2026-02-05,"2,986.38",Abierto
314,6169,2025-08-08,nan,Cerrado
315,6480,2025-10-28,13359.79,Rechazado
317,7504,2025-12-06,"6,038.60",nan
324,4083,2025-03-18,10678.85,Cerrado
325,25648,2025-11-14,"-12.908,94",nan
326,6507,2025-06-11,6243.40,nan
330,13177,2025-03-09,-,nan
332,20787,2025-05-17,11131.22,ABIERTO
336,23055,2025-12-29,nan,nan
350,7943,2025-05-11,10787.07,Cerrado
352,5401,2025-11-09,"14.262,99",Rechazado
353,21230,2025-10-14,nan,Abierto
355,23407,2025-08-09,-,cerrado
356,21703,2025-08-01,"3.463,49",ABIERTO
358,5810,2025-11-18,"6,718.36",nan
364,16748,2025-08-24,"7.756,38",nan
366,5844,2025-02-02,11212.65,cerrado
367,942,2025-07-05,"1,374.60",ABIERTO
371,20612,2025-02-12,5087.67,Cerrado
376,18210,2025-04-21,13180.58,nan
380,19177,2025-11-20,nan,nan
384,16998,2025-09-17,8268.60,Cerrado
386,20394,2026-01-19,nan,nan
387,7121,2025-03-16,101.74,nan
394,7220,2025-07-25,"6.657,59",nan
395,990,2025-06-11,924.16,ABIERTO
400,6936,2025-08-02,"8.411,60",nan
402,22663,2025-04-29,"11.363,64",nan
412,1661,2025-05-01,"12,937.82",Abierto
414,1039,2025-11-28,6928.26,nan
419,11189,2025-07-19,"6.286,41",Cerrado
429,10083,2025-08-08,"4.186,36",nan
443,11757,2025-06-27,7553.76,nan
445,7801,2025-01-27,-,Rechazado
447,24783,2025-05-16,3775.66,nan
452,1835,2025-04-14,6449.29,nan
453,14614,2025-12-10,"5.081,75",nan
455,11674,2025-05-22,-,cerrado
457,4234,2025-10-22,nan,Rechazado
469,10808,2025-12-30,3705.92,nan
471,2155,2025-01-12,5220.04,Abierto
473,6110,2025-02-02,"14.439,69",Rechazado
482,18388,2025-11-03,"2.624,10",Cerrado
487,21900,2025-11-02,"14.449,32",Abierto
488,7922,2025-08-05,-,Abierto
492,5514,2025-07-05,13335.48,Cerrado
493,12637,2025-01-24,"13.814,68",nan
494,4271,2025-09-12,"11.207,50",Cerrado
499,4303,2026-02-03,6686.39,Abierto
502,8758,2026-01-02,7272.53,Abierto
516,18551,2025-03-01,"3,577.31",nan
523,2414,2025-08-10,13565.60,ABIERTO
530,19258,2025-10-10,14448.22,Abierto
538,16568,2026-02-21,"800,55",cerrado
542,13402,2025-02-07,"6,580.87",nan
554,25784,2025-05-10,nan,cerrado
555,17858,2025-01-16,"13,960.18",cerrado
563,18040,2025-08-03,"7.778,11",Rechazado
569,13976,2025-12-08,"11,416.44",nan
572,8028,2026-02-06,"1,046.73",cerrado
574,21648,2025-06-23,-,Cerrado
578,5441,2025-05-05,"6.542,30",Cerrado
579,6238,2025-06-25,"-676,22",Rechazado
582,11973,2025-11-27,681.75,ABIERTO
601,12091,2025-03-02,nan,Abierto
602,11450,2025-07-10,5353.00,nan
606,9853,2025-08-13,13270.26,nan
614,9264,2025-09-09,1692.12,ABIERTO
617,17670,2025-02-03,nan,Rechazado
620,17258,2025-10-14,"2.924,44",cerrado
625,24203,2025-06-21,-,Rechazado
629,9818,2025-11-08,nan,ABIERTO
630,1708,2026-02-13,"11.486,29",nan
632,14193,2025-08-21,2506.71,nan
636,22410,2025-02-21,nan,nan
642,6639,2026-01-27,"6,072.88",ABIERTO
654,19098,2025-01-28,11940.83,nan
655,14468,2025-06-25,4379.27,ABIERTO
656,7208,2025-11-03,"10,346.31",nan
662,15605,2025-12-16,nan,Abierto
668,12401,2025-04-01,nan,Rechazado
670,25645,2025-07-26,"5,730.79",ABIERTO
679,777,2025-01-27,5565.28,nan
680,7570,2025-12-28,12621.97,Cerrado
681,6234,2025-10-15,nan,nan
692,7865,2025-05-17,"7,245.23",Abierto
695,21466,2025-11-28,"3.201,99",nan
700,19484,2025-03-01,"5,388.51",nan
703,6331,2025-02-10,2355.04,nan
704,13263,2025-11-17,-,Cerrado
705,13150,2025-11-12,11601.83,Rechazado
713,20970,2025-07-21,2303.55,cerrado
714,5994,2025-04-26,"10.205,69",Cerrado
716,12752,2025-09-16,118.87,nan
717,17888,2025-06-29,nan,nan
719,15868,2025-12-25,"1,394.24",cerrado
731,22473,2025-11-12,"3.126,48",Cerrado
733,16099,2025-08-10,12090.96,ABIERTO
736,1668,2025-08-27,1066.12,cerrado
746,10464,2025-02-09,nan,cerrado
747,2468,2025-07-01,10010.05,Rechazado
752,3750,2025-10-01,12176.52,nan
759,8302,2025-09-19,3052.94,nan
761,97,2025-03-08,12403.25,Rechazado
764,9791,2025-10-15,5691.21,cerrado
787,15672,2025-05-24,3901.09,cerrado
791,786,2025-11-14,"11.956,55",nan
794,6939,2025-11-16,"3,297.63",Rechazado
795,18424,2025-03-15,"7.565,56",Cerrado
798,9464,2025-07-11,"-9,622.54",cerrado
801,10815,2025-10-11,14958.46,ABIERTO
805,14256,2025-07-04,3088.12,cerrado
807,22910,2025-07-30,13637.84,Rechazado
814,6170,2026-01-07,nan,nan
816,22324,2025-02-14,"10,355.24",nan
822,3042,2025-10-18,11626.56,ABIERTO
829,17197,2025-12-12,6676.28,nan
831,9957,2025-12-03,8993.77,Rechazado
832,3475,2025-12-22,9461.23,Rechazado
834,4637,2026-02-16,nan,Abierto
839,5627,2025-05-13,nan,ABIERTO
854,7708,2026-02-11,"-14,084.73",nan
876,20967,2025-08-19,1786.91,nan
881,1160,2025-02-13,"14,837.14",cerrado
883,8904,2025-04-27,"6.133,42",Cerrado
888,13722,2025-07-11,698.38,nan
895,19216,2026-01-14,7478.23,Abierto
901,9443,2025-04-08,"9.973,45",Rechazado
902,6042,2026-02-19,"2.072,73",nan
916,21501,2025-11-06,"13.527,30",ABIERTO
917,6888,2025-01-05,"12.592,60",nan
924,4758,2025-11-09,-1173.60,nan
928,19642,2025-10-14,3641.04,Rechazado
930,19882,2026-01-17,7930.85,nan
933,21679,2025-07-02,8414.42,nan
939,22950,2025-09-14,"10.651,65",nan
940,14722,2025-07-26,12050.35,Abierto
944,16392,2025-11-02,-,Cerrado
948,25579,2026-02-15,2845.66,Abierto
949,6109,2025-07-01,"1,755.99",Abierto
951,23831,2026-01-17,-,Rechazado
956,2405,2025-05-20,-,Rechazado
959,23727,2026-01-02,-,Abierto
967,1199,2025-03-20,13030.52,cerrado
969,16047,2025-04-21,nan,nan
975,21736,2025-08-23,12466.51,nan
978,22436,2025-03-26,"8.311,65",Abierto
990,5952,2025-05-04,"-12.460,96",Cerrado
997,24838,2025-11-15,nan,Abierto
1006,13101,2025-11-17,"8,980.27",nan
1024,16567,2025-08-25,5252.85,Cerrado
1029,7880,2025-01-23,6128.39,Abierto
1030,24881,2026-01-04,427.88,nan
1034,2399,2025-01-20,"6.493,63",Rechazado
1040,20928,2025-11-20,13560.16,Rechazado
1048,649,2025-01-26,7422.33,cerrado
1049,6326,2025-09-27,12496.34,cerrado
1058,19074,2025-02-20,"10,412.27",cerrado
1059,14253,2025-08-26,nan,Rechazado
1069,3723,2025-02-01,1091.83,Rechazado
1072,24530,2025-01-08,"2,521.52",cerrado
1073,8355,2025-01-22,13989.65,Cerrado
1075,14674,2025-06-01,5148.29,Cerrado
1080,14736,2025-11-28,"3,743.04",Rechazado
1083,1337,2025-06-22,224.42,Cerrado
1090,23591,2026-02-20,"8.369,37",cerrado
1095,16132,2025-12-21,13687.41,Cerrado
1097,8950,2025-02-11,"4,937.18",nan
1099,8554,2025-07-24,13054.94,cerrado
1100,21437,2025-03-09,4353.92,Cerrado
1101,14604,2025-01-01,9132.38,Abierto
1104,23259,2025-01-20,"5,724.16",Cerrado
1107,13130,2025-07-13,"7.120,85",cerrado
1114,17658,2025-06-09,nan,nan
1126,3841,2025-05-28,-,Cerrado
1127,10355,2025-02-15,-,Rechazado
1137,1806,2025-09-09,"9.584,18",ABIERTO
1138,17240,2025-08-08,"1.170,01",cerrado
1143,3121,2025-03-12,"4.454,47",cerrado
1148,1940,2025-06-10,13283.55,cerrado
1153,14250,2025-01-26,12636.25,nan
1156,15020,2025-09-24,nan,Cerrado
1160,1948,2026-01-23,"9.201,13",nan
1183,5467,2026-01-28,"10.477,86",ABIERTO
1192,8295,2025-06-15,"6,741.92",Rechazado
1193,4216,2025-10-06,8502.18,Rechazado
1197,22770,2025-12-02,nan,Abierto
1203,20049,2025-04-15,"10,830.41",Abierto
1211,23782,2025-12-23,nan,Rechazado
1213,17164,2025-11-14,nan,nan
1214,4547,2025-03-08,nan,nan
1216,19985,2025-07-06,11207.21,Rechazado
1221,8298,2026-01-19,-,Abierto
1222,4761,2025-08-16,-,nan
1231,21623,2025-10-10,nan,ABIERTO
1232,13777,2025-05-28,"14.407,87",Cerrado
1237,19508,2025-12-02,"9.713,00",Abierto
1247,16943,2026-01-20,"13,951.22",nan
1248,23191,2025-01-21,-,Cerrado
1251,5220,2025-02-20,"10,460.04",nan
1259,3187,2025-08-27,"9,532.10",Rechazado
1263,14945,2025-06-22,nan,ABIERTO
1266,9636,2025-09-06,"7,815.71",cerrado
1274,22013,2025-03-27,8107.44,Abierto
1286,18053,2025-11-29,"4.299,28",ABIERTO
1288,4829,2025-06-13,221.47,ABIERTO
1289,17008,2025-06-04,"2,030.56",ABIERTO
1292,11117,2025-03-24,"11.272,92",Abierto
1305,22650,2025-04-12,3885.68,ABIERTO
1313,10802,2025-09-26,"10.183,67",Rechazado
1322,7393,2025-05-19,nan,nan
1329,19205,2025-09-18,"13,096.57",nan
1332,3566,2026-01-09,6194.88,nan
1340,11500,2025-04-18,442.62,cerrado
1348,5073,2025-06-18,"6,507.63",Abierto
1360,15434,2025-07-29,4937.06,Abierto
1370,12779,2026-02-21,-,nan
1377,8960,2025-03-28,364.60,nan
1383,22773,2025-01-21,11356.07,Cerrado
1385,9473,2025-10-23,"1,961.73",cerrado
1392,10245,2025-10-10,13014.49,Abierto
1397,23636,2025-02-19,252.58,Abierto
1400,19676,2025-06-03,nan,nan
1402,13617,2025-04-22,"2,604.92",ABIERTO
1412,25836,2025-06-03,"2,588.64",Cerrado
1418,13727,2025-01-15,11467.88,nan
1424,21782,2025-07-31,-,Rechazado
1432,18937,2025-07-05,4516.80,Rechazado
1438,9756,2026-01-29,14517.39,nan
1440,25659,2025-08-23,13715.45,Rechazado
1448,19000,2025-09-29,1360.72,Rechazado
1449,6946,2025-03-28,11267.80,Abierto
1452,1559,2026-01-01,4642.79,Cerrado
1465,16903,2025-10-13,"5,932.82",Abierto
1468,15318,2025-04-18,"14.275,89",Abierto
1474,7678,2025-04-24,2107.21,Cerrado
1480,10246,2026-01-10,"3,505.60",Cerrado
1484,10128,2026-01-19,"4.575,30",Abierto
1489,10152,2025-07-12,-,cerrado
1495,22639,2025-09-06,1953.69,Cerrado
1496,19417,2025-06-26,nan,Rechazado
1497,4852,2025-03-02,12375.98,nan
1501,20221,2025-08-10,14105.12,Abierto
1503,582,2025-10-22,"6,460.87",Abierto
1504,34,2026-01-27,"14.397,53",Rechazado
1505,10002,2025-08-31,9031.72,Cerrado
1506,3340,2025-07-18,"4.108,93",Abierto
1518,5846,2025-05-27,1332.30,cerrado
1524,18949,2025-09-07,332.33,ABIERTO
1527,10146,2025-09-11,6683.03,Abierto
1539,9993,2025-12-22,"9.987,17",Abierto
1553,10951,2025-10-17,5821.56,nan
1554,22479,2025-10-02,9268.93,ABIERTO
1562,18159,2025-04-16,-,Rechazado
1564,14006,2025-01-11,9999.18,nan
1567,18204,2025-04-22,11871.79,Abierto
1569,12496,2026-02-16,"12,429.33",ABIERTO
1575,9263,2026-02-08,6311.40,Cerrado
1580,10293,2025-01-26,14216.09,Cerrado
1587,10505,2025-05-01,1657.92,Rechazado
1588,23950,2025-08-03,"7,565.75",nan
1604,7108,2025-12-25,-,nan
1608,14576,2025-11-30,13290.94,cerrado
1613,15390,2025-11-14,10831.47,nan
1615,12778,2025-06-24,nan,nan
1616,7629,2025-11-11,10134.99,Abierto
1618,9849,2025-02-05,7766.02,ABIERTO
1621,13030,2025-08-25,"4.112,75",cerrado
1623,5518,2025-07-04,1460.99,ABIERTO
1626,18422,2025-03-05,7822.31,Rechazado
1638,8983,2025-04-24,12252.52,nan
1645,3536,2025-11-10,"3,230.94",Rechazado
1647,919,2025-09-28,"13,191.68",Cerrado
1659,22196,2026-01-06,"1,793.52",Abierto
1667,16218,2025-06-16,nan,Cerrado
1669,16274,2026-02-05,nan,nan
1671,4836,2025-01-06,8522.03,Rechazado
1681,7490,2025-10-28,8987.56,Cerrado
1700,16612,2025-02-20,11110.58,nan
1702,17739,2025-04-08,7793.82,Cerrado
1703,24825,2025-02-17,"10.644,08",nan
1713,19951,2025-06-13,-,nan
1715,23524,2025-02-05,2104.56,ABIERTO
1718,8766,2026-01-27,"7.189,85",nan
1724,9172,2026-02-13,532.22,cerrado
1725,7908,2025-03-27,"13.653,09",Abierto
1733,6940,2025-01-30,11707.13,Abierto
1735,9415,2025-01-01,2671.25,Abierto
1739,5609,2025-06-04,12337.10,cerrado
1740,2237,2025-06-28,"7,841.66",Rechazado
1741,25650,2025-06-28,"7.286,20",Abierto
1744,24671,2026-01-13,"7,365.80",Cerrado
1747,11770,2025-05-25,9805.25,nan
1756,11179,2025-08-12,"7,984.57",cerrado
1760,24629,2025-06-10,10191.94,cerrado
1761,3377,2026-01-05,nan,Abierto
1767,5702,2025-02-02,8103.30,nan
1772,17743,2026-02-05,14678.53,Abierto
1784,18429,2025-03-13,-,nan
1788,3689,2025-11-11,"9.448,36",nan
1790,20480,2025-11-03,-,ABIERTO
1793,154,2026-01-12,"6.325,81",nan
1795,17921,2025-11-24,nan,cerrado
1797,19532,2025-03-17,"8,804.05",Rechazado
1798,2825,2025-07-27,"9.848,17",Rechazado
1799,8003,2025-11-05,8586.97,ABIERTO
1804,537,2025-06-19,7883.57,nan
1807,15926,2025-07-19,"3.612,27",cerrado
1812,7113,2025-04-20,"10.111,45",nan
1813,21707,2025-07-08,"6.974,08",cerrado
1835,1008,2025-01-29,-,Rechazado
1851,9774,2025-05-10,nan,Rechazado
1860,5264,2025-07-20,1160.84,Cerrado
1864,15391,2025-06-08,3382.32,Cerrado
1879,14279,2025-01-22,"8.357,44",Rechazado
1893,18563,2025-10-09,11684.16,Rechazado
1897,9593,2025-06-30,-7911.77,cerrado
1903,12829,2025-08-20,nan,Abierto
1909,11885,2025-11-26,"13.989,03",nan
1911,5565,2025-10-02,"6,645.66",cerrado
1918,1757,2025-05-31,"12.031,73",Abierto
1920,2147,2025-05-01,"9.470,81",ABIERTO
1924,12548,2025-02-14,8119.76,cerrado
1929,21325,2025-06-06,"3,395.35",Abierto
1931,11267,2026-01-15,-,Abierto
1933,18557,2025-02-13,-,Rechazado
1934,8622,2025-09-02,7415.47,cerrado
1942,16781,2025-04-12,"4,068.51",cerrado
1945,17433,2025-07-12,"1.602,87",Rechazado
1949,24265,2026-02-14,"1.744,78",nan
1953,25846,2025-12-20,817.11,nan
1960,7060,2026-02-09,"2.478,99",Cerrado
1971,3132,2025-06-01,nan,Abierto
1972,18246,2025-11-10,10681.55,nan
1982,13668,2025-06-04,nan,Abierto
1987,24279,2025-12-25,12141.05,Cerrado
1990,18160,2025-11-16,7007.90,cerrado
1997,21701,2025-09-07,3279.91,ABIERTO
1999,19698,2025-09-13,12753.04,cerrado
2001,15777,2025-12-31,8711.64,nan
2015,966,2025-07-18,4633.19,nan
2021,8496,2025-04-11,10438.48,Abierto
2023,6099,2025-05-02,"11,576.41",Rechazado
2026,23719,2025-11-02,nan,cerrado
2027,13023,2025-03-25,nan,nan
2029,506,2025-08-16,12607.91,Abierto
2031,24413,2025-03-04,"14.504,39",cerrado
2035,8993,2025-09-29,6241.75,ABIERTO
2048,15861,2025-02-17,"5.012,13",Cerrado
2049,5260,2026-02-02,2951.18,Abierto
2050,2889,2025-11-20,12798.94,nan
2054,22619,2025-08-09,"10.098,24",Abierto
2062,10009,2025-05-05,nan,nan
2064,4006,2025-10-19,6130.56,Abierto
2078,15511,2026-01-25,"4,027.17",nan
2085,8290,2025-08-03,"2,917.90",Cerrado
2086,13810,2025-07-31,13203.88,Abierto
2088,2488,2025-08-14,"9,104.12",nan
2092,3682,2025-05-24,nan,Abierto
2101,24844,2025-06-19,1412.20,Rechazado
2104,16856,2026-02-11,4766.37,Cerrado
2106,25564,2025-11-18,nan,Rechazado
2109,23109,2025-02-01,"10,971.03",Rechazado
2111,21573,2025-07-01,"2,992.60",Cerrado
2113,19687,2025-11-11,"9.909,82",nan
2115,24559,2025-02-08,-,Rechazado
2116,12438,2025-02-25,-,cerrado
2119,11636,2025-07-31,-,Rechazado
2127,13382,2025-08-01,14897.70,Rechazado
2129,15817,2025-11-24,"1,554.97",nan
2149,20041,2025-10-25,"11.837,00",Cerrado
2156,16843,2025-01-08,nan,Rechazado
2158,6626,2025-11-26,"3.317,82",Rechazado
2174,22616,2025-06-16,"6,605.23",Rechazado
2176,14177,2025-02-04,7436.09,Rechazado
2177,12062,2025-02-17,nan,nan
2179,13879,2025-11-01,"7.165,50",Cerrado
2180,14228,2025-02-16,8440.65,Cerrado
2181,13324,2025-10-15,10971.72,nan
2189,8604,2025-12-20,6396.32,nan
2192,7276,2025-04-22,-,Cerrado
2197,11018,2025-09-30,6670.45,Rechazado
2206,12030,2026-02-05,"2.191,90",Cerrado
2208,20662,2025-03-07,"5,471.24",Abierto
2209,15719,2025-12-19,"9.523,17",Rechazado
2212,3860,2025-06-10,"5,796.52",Abierto
2214,25517,2025-10-02,"2.615,55",ABIERTO
2222,24471,2025-11-06,"13.877,87",Rechazado
2226,13433,2025-09-27,"7.919,17",nan
2232,22770,2025-03-10,8286.57,nan
2239,15667,2025-01-16,"6.228,34",Abierto
2242,479,2025-05-03,517.90,Rechazado
2245,8411,2026-01-29,"1.688,98",Rechazado
2247,12378,2025-06-24,6324.65,nan
2256,12348,2025-01-21,"5.044,30",Abierto
2257,1205,2025-11-08,"14,848.25",ABIERTO
2261,8965,2025-08-07,2877.21,nan
2262,25816,2025-01-18,8126.29,Cerrado
2265,21457,2025-11-14,nan,Abierto
2266,6143,2026-02-09,"4,990.08",Rechazado
2267,20025,2025-08-23,nan,ABIERTO
2271,12807,2026-01-04,-,ABIERTO
2276,1685,2026-01-09,"10.408,01",Cerrado
2279,16860,2026-01-14,"14.390,09",cerrado
2289,4941,2025-04-23,12277.29,ABIERTO
2291,23311,2025-04-13,8387.68,cerrado
2298,17235,2025-02-26,13251.43,Abierto
2301,19172,2025-12-26,-,cerrado
2302,25535,2025-04-22,nan,Cerrado
2304,21139,2025-06-23,"9,986.27",Abierto
2307,24379,2025-11-29,"13.220,01",Rechazado
2313,5220,2025-06-16,12564.16,nan
2326,8023,2025-10-22,"12.379,63",Cerrado
2330,14245,2025-07-14,12207.90,Cerrado
2331,1474,2025-03-15,13036.46,nan
2334,9210,2025-03-22,"8.403,81",nan
2335,7650,2025-07-06,13997.84,Cerrado
2340,4879,2025-12-15,269.78,Rechazado
2341,4441,2025-04-08,"11,469.13",cerrado
2355,7609,2025-05-31,13465.17,ABIERTO
2358,1622,2026-02-01,363.03,nan
2361,18633,2025-10-30,6979.70,nan
2371,17364,2025-04-01,2937.90,cerrado
2374,12368,2026-01-13,"7.439,80",Abierto
2375,18434,2025-03-30,"12.441,43",Cerrado
2384,9924,2025-12-19,11310.24,nan
2385,22112,2025-04-14,nan,ABIERTO
2400,22636,2025-07-15,2337.90,Rechazado
2401,10658,2025-08-12,"4,694.99",Abierto
2403,23349,2025-11-05,"10,238.65",Rechazado
2405,23285,2025-08-22,"12,363.98",ABIERTO
2409,16622,2025-10-28,nan,Rechazado
2417,8645,2025-10-25,"13,797.50",Cerrado
2420,3033,2026-02-19,"5.493,68",Abierto
2424,22274,2025-03-28,6628.03,nan
2428,5206,2025-02-08,"5,634.12",nan
2431,24626,2025-03-04,"12,215.39",Cerrado
2433,10752,2025-10-05,"5.360,13",ABIERTO
2437,18266,2025-04-11,9858.65,ABIERTO
2444,449,2025-07-19,8903.70,Cerrado
2445,23615,2025-07-06,9415.52,nan
2453,25762,2025-12-16,12799.54,nan
2461,4460,2025-08-28,nan,nan
2465,22578,2025-12-16,10105.30,cerrado
2466,2564,2026-01-11,"14,850.50",Cerrado
2470,19870,2026-02-24,nan,ABIERTO
2475,18225,2025-02-01,"12,121.54",Rechazado
2478,20424,2025-07-23,"13,068.92",cerrado
2481,7016,2025-08-04,-,nan
2492,18987,2025-05-12,"11.764,91",ABIERTO
2498,9901,2025-06-12,3440.17,Abierto
2502,14352,2025-12-18,3503.37,cerrado
2504,24756,2025-11-25,-,nan
2509,4641,2025-11-25,"8.292,88",Cerrado
2540,4243,2025-06-29,"6.832,04",Cerrado
2544,24281,2026-02-17,"14.753,58",nan
2549,16301,2025-03-22,nan,cerrado
2551,16156,2026-02-25,nan,Rechazado
2553,7641,2025-03-07,"5,771.47",nan
2554,1172,2026-01-09,"3,379.85",nan
2561,10340,2025-02-26,388.85,nan
2562,10507,2025-02-21,"13.259,68",nan
2572,4226,2025-04-02,13236.79,Cerrado
2575,23247,2025-07-18,4025.27,ABIERTO
2577,10627,2025-06-26,3251.74,cerrado
2579,19119,2025-06-22,14492.69,cerrado
2590,22053,2025-02-22,nan,Cerrado
2592,11432,2025-11-26,nan,ABIERTO
2597,8351,2025-09-27,"12.048,48",Rechazado
2598,19801,2025-03-14,4091.47,Cerrado
2610,9737,2026-02-16,8258.01,cerrado
2612,25620,2025-10-21,11696.58,Rechazado
2614,6458,2025-03-25,nan,nan
2624,22054,2025-05-19,"10.721,43",Abierto
2628,4052,2025-03-13,"4.170,28",ABIERTO
2632,11803,2025-12-03,"10.070,49",Rechazado
2639,10635,2025-11-10,nan,Cerrado
2641,6887,2026-02-09,1319.53,nan
2647,7171,2025-05-23,nan,nan
2649,3613,2025-04-29,"3.354,36",ABIERTO
2652,19024,2025-11-16,856.85,ABIERTO
2658,20297,2025-08-06,nan,Rechazado
2660,12566,2025-09-13,13602.54,nan
2674,6936,2025-09-03,nan,cerrado
2677,625,2025-09-25,"4,446.55",Abierto
2678,4753,2025-06-15,"7,149.11",Abierto
2679,11002,2025-01-06,"2,105.53",Cerrado
2692,3353,2025-06-30,"11,807.34",ABIERTO
2694,19317,2025-11-06,"3.930,38",nan
2706,22303,2025-07-11,10234.92,cerrado
2711,11326,2025-08-26,nan,nan
2716,1696,2025-07-28,"11,568.99",Abierto
2723,17702,2025-03-01,"12,358.03",nan
2725,16505,2025-12-14,13609.35,Abierto
2729,11778,2025-07-26,"9.384,96",nan
2748,21786,2025-07-22,nan,nan
2751,4497,2025-05-25,12310.45,cerrado
2754,11729,2025-09-29,2565.88,Cerrado
2760,9586,2025-01-09,nan,nan
2761,10655,2025-02-10,681.11,nan
2766,3047,2025-12-12,2893.28,nan
2771,4647,2025-12-18,1323.37,Rechazado
2775,25602,2025-10-22,nan,ABIERTO
2786,19226,2025-08-04,"9.413,66",nan
2791,11226,2025-08-27,"13.590,35",nan
2794,25862,2025-07-24,"768,89",nan
2795,23341,2025-04-05,"583,63",nan
2798,10823,2025-05-21,nan,nan
2805,2718,2025-09-21,"12,803.79",nan
2806,17943,2025-04-26,"2.548,62",Abierto
2824,821,2025-05-16,nan,Cerrado
2830,19585,2025-08-31,1885.38,Cerrado
2832,18803,2025-06-07,nan,Abierto
2843,2130,2025-11-22,3436.86,Rechazado
2847,6362,2025-12-07,6323.92,ABIERTO
2848,25779,2025-08-08,"3.942,98",Rechazado
2851,8861,2025-09-16,13669.55,Abierto
2860,1119,2025-09-29,1934.58,Abierto
2862,7748,2025-09-21,3347.82,Cerrado
2872,18128,2025-01-07,12508.44,nan
2873,6575,2025-06-22,"7.805,50",ABIERTO
2877,13349,2025-04-17,"-1,208.59",Cerrado
2881,5503,2025-03-27,7097.28,Cerrado
2882,13898,2025-06-28,-,nan
2883,22481,2025-03-30,-,cerrado
2890,2339,2025-09-10,8770.42,Cerrado
2891,9020,2025-12-31,nan,nan
2899,16523,2026-02-09,"2.978,67",nan
2910,24779,2025-07-13,12385.96,nan
2914,13403,2025-03-26,"9.714,28",Rechazado
2932,8501,2026-02-02,11683.33,Abierto
2936,2541,2025-08-04,"6.609,55",cerrado
2942,7193,2026-01-04,10099.47,ABIERTO
2947,16870,2025-08-30,"5,115.76",cerrado
2948,25676,2026-01-06,"2.758,76",ABIERTO
2949,192,2025-09-03,9990.73,nan
2958,11431,2025-02-27,12342.69,Abierto
2961,21717,2025-08-17,nan,Abierto
2962,1306,2025-12-12,"14.413,99",ABIERTO
2964,20729,2025-12-14,"1.073,69",Rechazado
2968,12834,2025-09-14,7644.09,nan
2971,21475,2025-06-05,1534.32,nan
2975,20707,2025-12-03,14143.34,nan
2976,19709,2025-02-09,"7,213.36",ABIERTO
2980,7043,2025-11-19,3187.51,ABIERTO
2982,17721,2025-11-25,2800.19,nan
2983,6014,2025-07-28,"3.339,49",nan
2991,9470,2025-11-22,"7,554.35",Rechazado
2997,1941,2025-11-22,6589.31,nan
3001,25803,2026-01-18,"2.707,84",Cerrado
3011,5869,2025-11-13,"13.506,53",cerrado
3012,23196,2025-10-07,nan,Cerrado
3014,24880,2026-01-30,5705.62,cerrado
3018,18302,2026-01-14,nan,Abierto
3021,11613,2025-05-12,"14,274.09",Rechazado
3028,18198,2026-01-23,"10,024.29",cerrado
3032,12895,2025-01-09,12339.98,ABIERTO
3045,11399,2025-03-21,"2,894.12",ABIERTO
3050,18418,2025-03-14,nan,Rechazado
3053,4322,2025-07-19,5305.78,nan
3058,13765,2026-01-15,nan,cerrado
3059,4966,2025-05-18,14024.39,cerrado
3060,23020,2025-01-11,"4,424.25",Cerrado
3072,24385,2025-02-16,12435.02,Rechazado
3079,19314,2025-06-19,184.15,nan
3082,5250,2026-01-14,nan,nan
3083,16985,2025-09-12,"9.236,08",Cerrado
3093,21654,2025-10-02,"4,278.00",nan
3096,12359,2025-06-01,12141.50,nan
3102,6620,2025-08-10,"3,096.81",Rechazado
3111,277,2025-06-15,611.79,nan
3117,13314,2025-10-01,1762.34,Abierto
3131,8256,2025-01-02,"2.611,45",Abierto
3133,21555,2026-01-13,"7.140,96",Abierto
3139,24013,2025-06-17,12371.67,Cerrado
3144,19326,2025-03-12,14158.42,cerrado
3146,8251,2025-05-21,436.98,ABIERTO
3148,2823,2025-09-30,-,Cerrado
3149,13249,2025-02-18,12350.46,ABIERTO
3151,25746,2025-10-12,"3.865,34",Abierto
3154,4309,2025-07-29,11031.29,Abierto
3164,18377,2025-05-06,12243.27,Cerrado
3166,23806,2025-10-23,-,Rechazado
3170,13957,2025-06-13,11098.48,ABIERTO
3196,24631,2026-02-13,14526.12,Cerrado
3209,13709,2025-09-19,12802.75,nan
3212,16499,2025-06-03,nan,Cerrado
3215,13465,2025-11-21,nan,ABIERTO
3226,11063,2025-12-21,"13.861,45",Abierto
3228,7743,2025-01-10,nan,nan
3232,21792,2025-02-05,"3.838,13",nan
3234,17375,2025-05-21,"1.711,99",ABIERTO
3237,12586,2025-03-11,12532.65,Abierto
3247,19372,2025-09-15,12859.86,nan
3264,175,2025-07-02,10332.45,nan
3267,747,2025-05-22,10037.27,cerrado
3268,15504,2025-06-21,"8,455.66",nan
3271,6023,2026-01-02,"5.263,68",nan
3295,12362,2025-07-04,11017.75,nan
3296,5852,2025-02-27,"9,266.44",Rechazado
3297,5781,2025-08-07,-,nan
3298,1075,2025-06-16,11128.73,ABIERTO
3301,20986,2025-11-20,12549.43,Abierto
3308,22550,2025-07-30,3580.96,nan
3313,9552,2025-01-24,"11.382,25",ABIERTO
3316,18277,2025-06-06,6942.92,nan
3322,5414,2025-05-24,7264.93,nan
3323,13680,2025-03-09,4085.16,cerrado
3326,993,2025-04-20,"3,848.98",nan
3330,14282,2025-04-27,11056.95,Abierto
3333,1087,2026-01-01,13560.19,Cerrado
3337,4006,2025-05-23,3075.77,cerrado
3340,5499,2025-06-27,11180.88,Cerrado
3342,1654,2025-04-14,7089.23,nan
3354,15904,2026-01-19,2286.99,cerrado
3355,21609,2025-04-05,1783.05,nan
3358,17284,2025-05-23,"11,598.53",Rechazado
3362,1824,2026-02-03,"14,979.04",Abierto
3363,6336,2025-05-01,"1,573.13",ABIERTO
3366,23219,2025-09-23,"2,033.49",nan
3376,17254,2025-06-22,7643.96,nan
3377,12590,2025-12-16,"8,461.62",cerrado
3378,219,2025-02-04,5224.50,ABIERTO
3386,16097,2025-02-24,10189.44,ABIERTO
3399,6457,2025-07-18,nan,cerrado
3401,6258,2025-01-30,7535.85,Cerrado
3407,13551,2025-12-01,"3,357.95",Rechazado
3430,19138,2025-09-21,2241.48,ABIERTO
3436,1639,2025-12-16,"4,043.53",cerrado
3440,799,2025-05-12,"5.247,04",Cerrado
3445,20056,2025-11-21,"5.790,01",cerrado
3450,1216,2025-01-09,"9.755,97",cerrado
3452,6028,2025-11-15,"14.266,22",nan
3456,3056,2025-04-03,"1,495.79",nan
3463,17488,2025-07-21,4056.52,Abierto
3465,13544,2025-03-22,nan,Cerrado
3466,6692,2025-12-19,nan,Rechazado
3471,4402,2026-01-04,"14.270,74",Abierto
3475,24644,2025-02-15,441.68,nan
3477,12438,2025-05-26,"14.790,51",cerrado
3482,10984,2025-10-05,4761.32,nan
3483,548,2025-08-31,nan,nan
3485,16014,2025-01-03,"3.806,25",nan
3493,5046,2025-07-07,"3,643.09",nan
3502,8081,2025-06-20,-,nan
3510,25,2025-08-10,"13,009.48",nan
3514,19259,2025-04-01,4317.47,Cerrado
3516,8983,2026-01-31,13558.20,nan
3523,1289,2025-04-22,7502.64,Rechazado
3528,4913,2025-04-05,10175.11,cerrado
3537,24015,2025-11-02,10150.84,nan
3539,25648,2025-12-24,8540.58,nan
3548,24472,2026-02-24,"7.707,30",Abierto
3558,5085,2025-05-25,"11.193,09",Rechazado
3561,5797,2025-10-31,"2.837,08",Rechazado
3575,11023,2025-09-05,"1,693.18",ABIERTO
3577,25650,2025-09-14,nan,Rechazado
3578,14372,2025-12-11,3463.15,Rechazado
3581,7901,2025-08-05,12435.99,Rechazado
3588,14560,2025-05-11,514.33,nan
3601,20525,2026-02-05,-,Rechazado
3609,13609,2026-02-21,14127.62,ABIERTO
3612,8872,2025-03-22,141.84,cerrado
3616,2756,2025-09-09,6850.93,ABIERTO
3617,18681,2025-01-05,"6,757.93",Cerrado
3624,10481,2025-07-05,406.59,cerrado
3626,8247,2025-05-26,"10,232.98",nan
3635,16727,2026-02-23,"14,561.00",Cerrado
3639,14954,2025-11-24,nan,cerrado
3640,828,2025-08-17,"14.994,75",nan
3641,6716,2025-08-21,585.42,nan
3658,24499,2025-08-30,"8,051.72",Cerrado
3662,24948,2025-11-13,"5.252,17",Cerrado
3668,2264,2025-04-15,"14.715,38",cerrado
3674,14363,2025-12-01,8756.27,nan
3676,10873,2025-10-04,13553.17,Cerrado
3678,17715,2025-05-05,1531.95,Rechazado
3681,18028,2025-12-19,"2,789.36",cerrado
3682,5802,2025-05-31,nan,nan
3684,12106,2025-09-23,9742.07,nan
3685,5880,2025-05-30,10119.08,Cerrado
3687,12631,2025-04-16,"11,965.15",Rechazado
3694,12285,2025-07-19,"6,968.87",Abierto
3695,24626,2025-11-03,6461.97,ABIERTO
3697,70,2025-10-18,"3,056.80",ABIERTO
3703,6532,2025-03-03,"6,785.04",Abierto
3705,17890,2025-08-29,10237.99,Abierto
3707,11678,2025-11-12,"11,148.34",Cerrado
3708,3667,2025-01-27,10642.16,Cerrado
3717,14892,2026-01-25,700.31,cerrado
3729,12049,2025-04-27,992.62,ABIERTO
3732,17659,2025-07-23,5901.43,Rechazado
3735,10887,2025-04-05,"6,699.66",nan
3738,3994,2025-01-05,nan,Abierto
3739,4967,2025-06-04,4403.03,cerrado
3740,2367,2025-06-06,13572.83,Rechazado
3750,22517,2025-04-30,9767.06,Abierto
3751,19788,2025-05-02,"7.428,92",Cerrado
3755,4604,2025-11-19,"13.775,77",ABIERTO
3763,1704,2025-07-15,12320.51,Abierto
3769,4977,2025-11-07,14455.19,Abierto
3770,14138,2025-04-01,"4.652,40",cerrado
3777,5522,2025-02-13,"13,528.10",nan
3778,8641,2025-12-13,9202.38,nan
3779,15055,2025-12-10,nan,nan
3784,13494,2025-01-01,8987.15,nan
3797,16276,2025-05-31,247.28,cerrado
3799,24251,2025-10-30,"1.953,30",cerrado
3801,8830,2025-04-25,11006.60,Abierto
3803,2350,2025-08-22,6513.24,Cerrado
3807,17630,2025-06-15,14344.65,cerrado
3812,6378,2025-07-26,126.56,Abierto
3818,24035,2025-10-24,"9.710,45",ABIERTO
3819,18343,2025-05-09,"11,251.20",cerrado
3823,14949,2025-10-07,"9,296.93",nan
3825,5970,2025-05-04,1391.81,ABIERTO
3826,24010,2025-10-19,"11.025,46",nan
3839,7205,2025-03-24,"10.722,02",Cerrado
3842,14173,2025-12-13,"317,55",nan
3844,24397,2025-12-17,673.41,cerrado
3872,17783,2025-08-22,4609.93,Abierto
3882,23969,2025-06-04,nan,ABIERTO
3885,23807,2026-02-04,-,ABIERTO
3890,13316,2025-10-27,"2,845.96",nan
3893,16341,2025-02-04,"10.181,57",nan
3898,20310,2025-12-29,"2.568,94",Abierto
3899,17388,2025-04-26,13277.50,ABIERTO
3903,25702,2025-11-30,"2.313,15",nan
3911,21924,2025-02-18,"3.307,94",nan
3913,5853,2025-01-10,nan,Abierto
3914,25744,2025-01-24,4960.45,cerrado
3916,9475,2025-02-21,"14,788.84",cerrado
3917,3586,2025-06-21,"12,543.32",Rechazado
3931,18066,2025-02-10,nan,Abierto
3932,17046,2025-05-19,14230.21,Rechazado
3934,10194,2025-03-29,14427.22,cerrado
3939,22679,2025-10-14,"3.423,81",Rechazado
3941,22298,2026-01-26,-,Abierto
3950,22453,2025-10-26,"14.097,20",nan
3953,3625,2025-07-12,4789.06,Abierto
3954,18091,2025-11-26,nan,nan
3956,25840,2025-07-18,595.29,Cerrado
3957,5951,2026-01-19,-,ABIERTO
3962,24728,2025-03-22,"-9.975,57",ABIERTO
3964,14228,2025-12-07,"11,452.26",cerrado
3966,7903,2026-01-16,"8,987.94",cerrado
3967,13125,2025-03-29,"10.186,18",nan
3969,16952,2025-01-02,nan,Abierto
3972,15237,2025-08-29,5647.36,ABIERTO
3978,886,2025-03-26,-,nan
3985,14890,2025-02-01,"4.233,11",Abierto
3989,18542,2025-11-27,nan,nan
3997,3671,2025-12-31,-,Cerrado
4002,2692,2026-02-05,3239.02,cerrado
4003,23759,2025-03-19,nan,Abierto
4005,21732,2025-05-18,4388.31,ABIERTO
4026,12992,2025-06-26,9131.55,Cerrado
4028,17745,2025-12-19,"769,52",Cerrado
4029,4185,2025-03-16,12036.71,cerrado
4038,22016,2025-04-27,-,Cerrado
4048,14037,2025-11-10,210.49,Abierto
4057,10452,2025-03-05,"6.291,70",nan
4058,3699,2025-03-04,nan,Cerrado
4059,8137,2025-01-13,3084.80,ABIERTO
4066,23425,2025-02-12,1239.42,Rechazado
4068,376,2025-02-11,"2,832.78",nan
4069,17063,2025-12-06,10230.93,cerrado
4078,7214,2025-05-07,"4,542.89",nan
4089,20437,2025-09-27,"8,482.40",cerrado
4097,12844,2025-08-25,"6.690,82",nan
4100,11101,2026-02-13,"8.089,76",cerrado
4106,3880,2026-02-22,"3.573,06",ABIERTO
4108,2167,2025-06-09,"7,320.67",Abierto
4115,5001,2025-03-20,nan,Cerrado
4117,17179,2025-06-12,"11,132.46",Cerrado
4120,1894,2025-06-08,"13.268,93",Rechazado
4130,13332,2025-04-01,5304.16,cerrado
4141,7754,2025-01-05,"9.327,54",Abierto
4149,10041,2025-04-23,"12.265,33",ABIERTO
4150,25748,2025-08-16,nan,nan
4174,6308,2025-10-19,"5,615.52",Abierto
4175,10195,2026-02-24,"6,346.52",ABIERTO
4176,11532,2025-05-04,"7.059,85",cerrado
4182,17074,2025-08-10,-,Abierto
4187,22597,2025-12-07,"2,577.14",Abierto
4192,11655,2025-03-13,7881.43,cerrado
4195,6685,2025-04-16,"9.266,69",cerrado
4198,18622,2025-11-20,nan,nan
4199,10023,2025-07-17,12320.12,nan
4205,6686,2026-01-10,11494.90,cerrado
4211,22179,2026-02-09,3176.21,nan
4216,12781,2025-05-20,"6.012,50",nan
4218,11744,2025-07-19,"11.364,46",Cerrado
4220,13370,2025-03-27,nan,Abierto
4221,18407,2025-08-05,9420.79,Abierto
4222,19431,2025-12-13,"8,156.76",Abierto
4224,15592,2026-01-11,"4,653.24",cerrado
4239,1406,2025-01-12,-,Abierto
4246,2192,2025-02-03,nan,nan
4254,10627,2025-10-18,"7,291.11",ABIERTO
4260,13057,2025-07-15,"5.624,48",cerrado
4272,24316,2025-01-12,8963.16,nan
4276,276,2025-07-21,462.82,cerrado
4277,23332,2025-03-07,"11.557,57",nan
4279,17649,2025-09-15,1988.72,Cerrado
4283,20764,2025-10-06,"-3.812,07",ABIERTO
4285,8925,2025-08-24,-,ABIERTO
4288,24612,2025-06-20,nan,Abierto
4290,5842,2025-06-26,11496.08,Cerrado
4292,25503,2025-09-06,"11.103,63",Cerrado
4298,19354,2025-03-09,2077.99,nan
4311,10133,2025-09-16,2926.38,ABIERTO
4322,5776,2025-03-05,nan,ABIERTO
4326,23593,2025-03-08,"14.500,17",Cerrado
4328,16628,2025-05-07,"9,861.67",nan
4330,19032,2025-08-06,279.77,Abierto
4335,5364,2025-07-29,"6.890,05",ABIERTO
4338,21930,2025-07-26,877.10,Cerrado
4339,7133,2025-03-18,nan,Cerrado
4341,6381,2025-02-14,-,nan
4346,13017,2026-01-04,5474.39,nan
4351,18364,2025-08-25,"5.709,23",nan
4354,5163,2025-11-04,9295.32,nan
4361,25844,2026-01-30,9380.77,ABIERTO
4373,8367,2025-03-09,5896.25,ABIERTO
4380,1604,2025-04-04,9769.46,Cerrado
4383,19838,2025-03-20,4066.36,ABIERTO
4387,17814,2025-10-08,nan,nan
4388,1592,2025-11-12,"11.207,46",cerrado
4389,5850,2025-01-01,745.06,Cerrado
4399,20171,2025-02-01,"2.798,90",cerrado
4407,10493,2025-04-07,"2.080,07",Rechazado
4421,19774,2025-02-05,3602.42,Rechazado
4424,24684,2025-11-20,5331.65,Abierto
4426,22702,2025-09-13,8845.67,Rechazado
4432,19313,2025-04-13,-,cerrado
4441,22667,2025-09-29,"2,315.32",nan
4446,8727,2025-04-26,"10,385.92",Cerrado
4458,18014,2025-05-05,"8.521,45",Rechazado
4461,19108,2026-01-07,5111.68,Rechazado
4470,11277,2026-01-17,"8.693,71",nan
4488,17432,2025-12-14,"6,045.18",nan
4491,3845,2025-04-21,13337.06,nan
4498,16975,2025-06-25,3166.60,nan
4501,21736,2025-08-23,12466.51,nan
4507,11613,2025-05-12,"14,274.09",Rechazado
4515,8925,2025-08-24,-,ABIERTO
4522,4758,2025-11-09,-1173.60,nan
4525,17658,2025-06-09,nan,nan
4528,10627,2025-10-18,"7,291.11",ABIERTO
4542,19676,2025-06-03,nan,nan
4553,16274,2026-02-05,nan,nan
4557,20310,2025-12-29,"2.568,94",Abierto
4560,22453,2025-10-26,"14.097,20",nan
4571,18563,2025-10-09,11684.16,Rechazado
4574,22481,2025-03-30,-,cerrado
4577,17008,2025-06-04,"2,030.56",ABIERTO
4580,23259,2025-01-20,"5,724.16",Cerrado
4584,5850,2025-01-01,745.06,Cerrado
4587,20874,2025-01-29,"5,212.81",cerrado
4594,5951,2026-01-19,-,ABIERTO
4596,9774,2025-05-10,nan,Rechazado
4597,25535,2025-04-22,nan,Cerrado
4607,12631,2025-04-16,"11,965.15",Rechazado
4611,22410,2025-02-21,nan,nan
4620,10815,2025-10-11,14958.46,ABIERTO
